Name,stravaid,,,,city,,,referer,formid,sent,requestid
Vladimir Malkov,104352956,19c98e0d28a4339bfa6ec5f5142fe01b5b10b84a,5d2f217344a68dab418a96e3217449e5eec99cff,1785295031,Pavlodar,,,,,,
Екатерина Кондратенко,189591666,099598406018135cb4de940d49bed563ff554dc7,62eaab1126f2d9bd62c6654aa9b4a187ef11af18,1785295032,Oskemen,,,,,,
Вячеслав Трифонов,133600568,e830622dc4030af534f9c24fe73dd5e00d92507b,714467749cb9881e1bbd7ad59cf84ded03ba4a90,1785295033,Риддер,,,,,,
Катерина Федорова,155318644,113f0fcd211a93e8e79fc22dcee3fe16af5a9912,3f45814fc610fc4f2fc232956dbe17e34eb9a115,1785295034,Ridder,,,,,,
Данил Фартышев,135678826,5eda3eb045cf10a578d22682ca318a185ec8faaf,f15b58068c1a05c0ac0fa4272e3071b150ff0cc5,1785295035,Oskemen,,,,,,
Пономарев Евгений,189648561,e1f1ee50c10aa95d65b645932502fe45dce7bcad,ee6f014bb46af87d47906839ee68e0309389add7,1785295036,Oskemen,,,,,,
Александр Мельников,189829392,7756ce2056f665b048f9296d4c88ec26ef15cc0f,d959cfb7d9551c762faa754318e77addb983e896,1785295038,Semey,,,,,,
PaveL Borisov,33563665,30f845799889d5724245a22b8b5bc109a2aefad6,65968a24192eed4b6fdc32d36b77ff58cebf7905,1785295040,Риддер,,,,,,
Сергей Кузьмин,167287550,ead644cdbbe988b54e2da4742b8c1925ec4f1c6f,7add6f1745195c31c370c42a79cf32c84d9e1cc4,1785295041,Ridder,,,,,,
Anna Dubrovskaia,47154659,e7cfcaf7d8c831300e23a1df5ee2081c2ea86692,ee0e2b6b58513b76924845a01b4253e88eb53fd9,1785295042,Ridder,,,,,,
Марина Волошенко,43712174,f94c6166dd569e1d7b1be7e24b1ee5761009853e,2f3ef1c17f7b6c0c4e20a57fd1268986f08d5ecb,1785295043,Кокшетау,,,,,,
Серега Золотухин,141657471,032b115cdcdf58d4a758ddceab5905bbcf555c43,2916e876966c7058a0008703c11c8a90ec99f2c9,1785295044,Arystan,,,,,,
Влад Федюкин,187855156,be7709f286eabc89674aa3902f315afafd5f2ee0,b60fa811330f1419fcc2d3279d1434f0cd329bea,1785295045,Uralsk,,,,,,
Li Kem,99317757,98534b403fa71ddecfca30a94bcb3a022deb2b57,e52a9945635249201437c59087f01c20670842a5,1785295046,Павлодар,,,,,,
Татьяна Шарова,189544558,27f388b9e5f19c822a2b8467a2c5b27c7f685a48,2f6ee7114df8adc01b00fa47e41ae22c1897053f,1785295048,Ridder,,,,,,
Леха Немцев,134721396,cdf65e03c7072bead69baa184566bc952a7fda71,853228db91781322a6c1775816fa5f0a751df43c,1785295049,Oskemen,,,,,,
Надежда Чакилева,190461266,5856b215ffef89e52220823e98fbca56665e1405,f46cca1bc7c793cf17853ef89cfdcb8460852a8c,1785295051,Риддер,,,,,,