Задача,Заметки,Статус,Фаза
T11. Регистрация/логин (email + пароль) через Auth.js,"Auth.js Credentials provider не даёт хеширование/верификацию из коробки — хэширование пароля (bcrypt/argon2), выпуск/проверка VerificationToken — своё, Auth.js тут только для сессий. Связано с T38 (защита от ботов).

— Готово: Auth.js v5 (Credentials, JWT-сессии), bcryptjs (cost 12), VerificationToken (24ч, одноразовый), nodemailer (с console-фолбэком в деве без SMTP). Полная функциональная проверка пройдена: регистрация → письмо (лог в консоль) → переход по ссылке → emailVerified проставлен, токен удалён → вход → httpOnly сессионная кука. Неверный пароль и несуществующий email дают одинаковую общую ошибку (защита от enumeration).
— /security-review прогнан по диффу: блокирующих находок нет. Отмечено на будущее (не блокирует T11): вход разрешён без подтверждения email — это осознанно, отдельно закрывается в T29 (блок регистрации на забег для неподтверждённых); бан (bannedUntil) не инвалидирует уже выданный JWT — не актуально, т.к. самой админ-функции бана ещё нет в продукте.
— APP_URL/AUTH_URL добавлены в .env.example: для self-hosted продакшена (не Vercel) AUTH_URL обязателен, иначе Auth.js отклоняет вход с UntrustedHost.",Done,2. Личный кабинет
T8. Страница забега из БД,"/events/[slug]/[year] на реальных данных: дистанции сгруппированы по discipline (Ridder UpHill — 4 группы), цены через Intl-форматтер KZT, важные даты, трансфер/результаты показываются только если заполнены в БД (у UpHill корректно нет ни того ни другого, как в реальном регламенте). Сознательно НЕ сделано: GPX/карта/профиль высоты — нет реальных GPS-данных (Distance.profileData пустой), не стал выдумывать координаты для реальных горных трасс (безопасно). Список участников честно пуст (ждёт T13). Кнопка «Зарегистрироваться» пока без действия (ждёт T13). Проверено headless Chrome: обычный забег и забег с дисциплинами, 3 языка, мобильная вёрстка, 404 на несуществующий забег.",Done,1. Контент без оплаты
T6. Главная страница на реальных данных,"Герой с ближайшим стартом + обратный отсчёт, календарь событий (все 4 из БД), тизер Ridder Race Series (список гонок считается из SeriesRace, Ski Fest корректно исключён), промо-блок волонтёрства. Проверено headless Chrome на 4 языках, light/dark, мобильной вьюштача. По пути пойманы и исправлены: hydration mismatch в таймере (SSR vs клиент), контраст кнопки волонтёрства (случайно взял bg-ink вместо акцента), дата в герое была захардкожена под ru-RU, «km» в карточках был захардкожен по-русски. Статически генерируется при билде (generateStaticParams) — для продакшена потребуется revalidation-стратегия, пока не настраивал.",Done,1. Контент без оплаты
T21. Модель Season + расчёт зачёта,"Обновлено: зачёт считается из Result (см. T20), а не из ручног флага finished — теперь у каждого события будут структурированные результаты (myrace или Excel). Этап считается пройденным, если есть Result с совпадающим bibNumber в пределах этапа.",Not started,5. Ridder Race Series
"T19. Управление регистрациями, экспорт CSV","Страница конкретного забега в /admin со списком ВСЕХ регистраций (не только PAID, как на публичной странице забега, а и RESERVED/CANCELLED — сейчас их организатор вообще не видит). Столбцы: участник (ФИО/email/телефон), дистанция, статус, номер. Возможность вручную сменить статус (например, отметить оплаченным, если человек заплатил не через Kaspi, или отменить). Кнопка «Export CSV» — выгрузка списка для стартового протокола/печати/передачи волонтёрам на пунктах питания. Связано с T52 (агрегаты по возрастным категориям/футболкам — отдельный тикет, но логически рядом). Строится поверх /admin/events/[id] из T18. (Заметка восстановлена по смыслу названия — в тикете изначально ничего не было записано, проверь с пользователем перед реализацией.)",Not started,4. Админка организатора
T18. CRUD забегов и дистанций,"Создание/редактирование Event (годовое издание забега) и Distance прямо в /admin, поверх requireAdminId/requireAdminPage из T17. Race-шаблоны (icon/color/equipment/landmarks) сознательно оставлены вне скопа — в create-форме только выбор существующей трассы. Удаление дистанции блокируется, если на неё уже есть Registration/Waitlist. Двухшаговое подтверждение удаления вместо window.confirm(). Прошло /simplify (вынесены parseFormData/isUniqueConstraintError хелперы, починен хрупкий useEffect-колбэк onSuccess в DistanceForm — вторая подряд успешная правка не сворачивала форму обратно; deleteDistanceAction через findFirst вместо count(); убрано лишнее полей из запросов админки). /security-review нашёл и починил реальный XSS: resultsUrl/coverImageUrl/volunteerChatUrl принимали javascript:-URI (z.string().url() не ограничивает протокол), а resultsUrl рендерится как реальная ссылка на публичной странице забега — добавлена проверка на http(s)-протокол. Проверено вручную: create/edit забега, дубликат (raceId,year) корректно отклоняется, CRUD дистанций (включая два последовательных редактирования одной записи), ru/kk/en + мобильный вьюпорт. Следующий шаг — T19 и другие админ-тикеты теперь могут опираться на реальные забеги, созданные через админку, а не руками в БД.",Done,4. Админка организатора
T17. Роли доступа (организатор/участник),"Флаг User.isAdmin (без RBAC-матрицы, по заметке тикета — 3-4 админа с одинаковыми правами). requireAdminId/requireAdminPage в session.ts — единая точка проверки для Server Actions и страниц. Флаг живёт в JWT (обновляется на каждый запрос вместе с уже существующей проверкой passwordChangedAt из T44), поэтому /admin не делает лишний запрос к БД. В /account появляется ссылка «Админка» только у admin; /admin — пока read-only список забегов (CRUD — в T18). Проверено вручную: обычный юзер не видит ссылку и получает редирект на / при прямом заходе на /admin; админ видит ссылку и попадает в дашборд; ru/kk/en + мобильный вьюпорт; T44-инвалидация сессии по-прежнему работает. Прошло /simplify (нашли и починили дублирующийся запрос к БД) и /security-review (без замечаний).",Done,4. Админка организатора
"T24. Продакшен-хостинг, домен, SSL","Выкатить Next.js-монолит в боевой хостинг с реальным доменом и SSL. НЕ РЕШЕНО: какой хостинг-провайдер (VPS с Docker/Postgres в контейнере — текущий dev-стек уже на Docker — или managed-платформа типа Vercel/Railway) и какой домен — оба вещи нужно уточнить у пользователя перед реализацией. SSL — Let's Encrypt (бесплатно) или встроенный у провайдера (большинство managed-платформ дают автоматически). Также нужно перенести реальные secrets из .env (Gmail SMTP, Turnstile, Kaspi когда появятся) в продакшн-окружение безопасно (не в гит-истории).",Not started,6. Деплой
T4. Структура .env и секретов,"app/.env (локальный, в gitигноре) + app/.env.example (шаблон, закоммичен). Поля: DATABASE_URL, AUTH_SECRET/AUTH_EMAIL_SERVER (Auth.js), KASPI_MERCHANT_ID/KASPI_API_KEY заглушки до получения боевых реквизитов мерчанта.",Done,0. Фундамент
T7. Страница «Забеги» (календарь/архив),"/events с табами Календарь/Архив через ?tab=archive (серверный рендер, без клиентского JS для переключения). Фильтр по status: COMPLETED = архив, остальное = календарь. EventCard теперь ведёт на реальный URL /events/[slug]/[year] (будет страницей забега на T8, пока 404). Главная страница обновлена: «Все забеги» и «Смотреть забег» теперь ведут на реальные страницы. Проверено headless Chrome (3 языка, табы, мобильная вёрстка).",Done,1. Контент без оплаты
T15. Боевой мерчант + вебхуки оплаты,"ВАЖНЫЙ инвариант: bibNumber финализируется и Registration становится PAID ТОЛЬКО из вебхука Kaspi (серверно, авторитетно), НИКОГДА по клиентскому действию «Оплатить». До подтверждения от Kaspi человек не считается зарегистрированным ни в каком виде — только вебхук запускает T16 (email + номер).",Not started,3. Регистрация + Kaspi Pay
T5. Перенести дизайн-систему в Next.js,"Шрифты (Unbounded/Golos Text, 3 сабсета каждый — Latin/Cyrillic/Cyrillic-ext) и полная палитра light/dark перенесены в app/src/app/globals.css + fonts.css. Самохостинг честный (файлы в /public/fonts, без base64 — тот был вынужден только для Artifact CSP). Tailwind v4 @theme проброшен через токены (bg-ember, text-ink и т.д.). Проверено headless Chrome на light/dark, кириллице, казахских спецсимволах, китайском фолбэке — всё рендерится корректно, ошибок нет.",Done,1. Контент без оплаты
"T1. Определить, где живёт код",https://github.com/kayrd/peloton-ridder — приватный репозиторий. Локальная история (v1–v4) запушена в main.,Done,0. Фундамент
T23. Медальоны на реальном прогрессе,"В кабинете уже есть UI медальонов прогресса по Ridder Race Series (сделано раньше, коммит «медальоны прогресса в кабинете»), но он показывает заглушку/примерные данные, потому что реальных результатов ещё нет. Этот тикет — подключить медальоны к реальному прогрессу: этап серии засчитан пройденным, если есть Result с совпадающим bibNumber в пределах этапа. НАПРЯМУЮ ЗАВИСИТ от T20/T21 (парсинг результатов + модель Season/зачёт) — без них делать нечего, таблица Result пуста. Не браться до закрытия T20/T21.",Not started,5. Ridder Race Series
T3. Настроить Prisma + Postgres,"app/ (Next.js + TypeScript + Prisma) в корне репо. Локальный Postgres через docker-compose (сервис postgres рядом с nginx-контейнером прототипа). Первая миграция применена, 15 таблиц из docs/http://schema.md созданы. Важно: Prisma 7 сломал совместимость — url теперь только в prisma.config.ts, а не в schema.prisma. При инициализации PrismaClient в коде (T6+) потребуется adapter (@prisma/adapter-pg).",Done,0. Фундамент
T26. Мониторинг/логи,"Наблюдаемость продакшн-деплоя (после T24): (1) отслеживание ошибок приложения (например, Sentry — ловит необработанные исключения на сервере/клиенте); (2) алерты на критичные сбои — особенно неудачные отправки писем (mailer.ts сейчас только логирует, никто не узнаёт) и сбои вебхука Kaspi (когда подключится, T15/T16); (3) uptime-мониторинг (сайт доступен, база отвечает). НЕ РЕШЕНО: какой сервис/стек использовать и куда слать алерты (email/Telegram) — обсудить с пользователем перед реализацией.",Not started,6. Деплой
"T16. Билет/QR, email-подтверждение","Запускается ТОЛЬКО из вебхука оплаты (T15), никогда раньше. Письмо участнику: подтверждение регистрации + финальный стартовый номер + QR/билет.",Not started,3. Регистрация + Kaspi Pay
T10. Email или телефон для входа,"Уточнено: вход по email + паролю (не passwordless magic-link). Email-ссылка — только для подтверждения регистрации при создании аккаунта, не способ входа. User.passwordHash + VerificationToken уже в schema.prisma. SMS — по-прежнему платный апгрейд на будущее.",Done,2. Личный кабинет
T12. Личный кабинет — история и профиль,"Страница /account (защищена сессией, редирект на /login без неё): редактируемый профиль (имя/город/телефон) и история регистраций (пока пустая — сама регистрация на забег ещё не реализована, T13). Логин теперь редиректит сразу в /account.

Сделано /simplify по диффу (4 параллельных агента: переиспользование/упрощение/эффективность/архитектура), нашли и применили:
— вынесен общий FormField (был продублирован в login/register/account формах);
— getUserProfile переведён с include на select (не тянул passwordHash/bannedUntil/JSON-поля расы), история регистраций ограничена 20 последними;
— requireUserId() в @/lib/session.ts — единая точка проверки сессии для Server Actions, чтобы не дублировать в T13/T27;
— в page.tsx заменён bare redirect(...) на return redirect(...) — next-intl's redirect типизирован как never, но TS не сужает без return из-за сложных generic-типов — убрало необходимость в !-ассершенах;
— RegistrationRow теперь выводится из типа возврата getUserProfile, а не ручно дублируется.
Проверено headless Chrome в ru/kk/en и на мобильном вьюпорте: регистрация → подтверждение → вход → кабинет → редактирование профиля → выход → /account снова закрыт.",Done,2. Личный кабинет
T2. Спроектировать схему БД,"Выяснено из реальных регламентов (см. http://reglaments-summary.md): Distance нужен опциональный discipline (у Ridder UpHill 4 дисциплины вместо простых дистанций). Возрастные тарифы внутри одной дистанции моделируются как отдельные строки Distance (один км, разные цена/возраст/название), без отдельной таблицы тарифов. Добавлены поля Registration.kaspiOrderId, Registration.kaspiPaymentUrl. Вместо Registration.finished (ручная галочка) — полноценная таблица Result (bibNumber, place, time, source: myrace/excel), см. T20/T21.",Done,0. Фундамент
T25. Бэкапы БД,"Автоматические бэкапы боевой PostgreSQL базы после T24 (хостинг) — регулярный дамп (например, ежедневный cron с pg_dump), хранение вне того же сервера (S3-совместимое хранилище или аналогично решению из T42/T56), политика хранения (например, 30 дней назад). Критично важно до подключения боевого Kaspi Pay (реальные платежи — данные, которые нельзя терять). НЕ РЕШЕНО: какой инструмент/сервис для бэкапов (зависит от выбора хостинга в T24).",Not started,6. Деплой
T9. i18n через next-intl,"next-intl, роутинг /[locale]/. Языки: RU (дефолт) / KK / EN — китайский убрали позже, вместе с CJK-фолбэками шрифтов. Ключи переводов в app/messages/*.json — только статический UI. Данные из БД (названия/описания забегов) пока не переведены — см. T40 для решения.",Done,1. Контент без оплаты
T20. Результаты: парсинг со стороннего ресурса + ручной Excel-загрузки,"Два источника результатов, оба пишут в единую таблицу Result: (1) автопарсинг http://live.myrace.info XML для событий, где организатор использует этот сервис (подтверждено только для Radon Race); (2) ручная загрузка Excel в админке события для остальных (Ridder UpHill публикует только в Instagram). Result: bibNumber/имя/место/время, мэтчится с Registration по bibNumber внутри Event. Открытый вопрос: гарантирует ли организатор, что физический номер на груди совпадает с номером, выданным нашей системой (иначе автомэтчинг с зачётом серии не сработает).",Not started,4. Админка организатора
T14. Kaspi Pay в тестовом контуре,"Увидели реальный пример у конкурента (AthleteX). Флоу: создаём заказ в Kaspi на сумму = Distance.price → получаем orderId + ссылку/QR → страница оплаты с тремя вариантами: кнопка-диплинк в приложение, QR для десктопа, ручной ввод номера заказа в самом Kaspi-приложении по категории. Нужны Registration.kaspiOrderId/kaspiPaymentUrl (см. T2). Точный API-контракт берём из документации Kaspi после оформления мерчанта.

— Сделано честной черновиком: доступа к Kaspi Pay нет, реальных вызовов API нет. Страница оплаты (/pay/[registrationId]) честно показывает три плейсхолдера ""появится после подключения"" вместо реальных диплинка/QR.
— confirmPayment() в lib/kaspi.ts — единая точка, где Registration становится PAID и получает bibNumber. Сейчас её вызывает только dev-кнопка «Симулировать оплату», доступная только при explicit ALLOW_TEST_PAYMENTS=true И отсутствии боевых Kaspi-ключей (двойное условие намеренно, чтобы забытый на проде env не оставил дыру).
— /api/kaspi/webhook честно возвращает 501 — нет документированного контракта/схемы подписи, чтобы безопасно его реализовать.

/security-review: найдена и отклонена TOCTOU-гонка в confirmPayment (дублирующийся bibNumber при двух одновременных вызовах) — не актуально сейчас (единственный вызов — dev-кнопка за флагом, вебхук всегда 501). ВАЖНО для T15: когда реальный вебхук заработает, confirmPayment нужно будет защитить от конкурентных вызовов (дублирующиеся/невовремя вебхуки — норма для платёжных систем): unique-констрейнт на (distanceId, bibNumber) или атомарный счётчик вместо read-then-write.",Done,3. Регистрация + Kaspi Pay
T13. Форма регистрации → запись в БД,"Форма регистрации на /events/[slug]/[year]/register: выбор дистанции с учётом вместимости bib-диапазона, проверка дедлайна/статуса события, защита от повторной активной регистрации. Создаёт Registration со статусом RESERVED (бронь 30 минут). Логин теперь поддерживает callbackUrl — неавторизованный пользователь после входа возвращается на страницу регистрации, а не на /account.

Сделано /simplify (4 агента) — вынесены DistanceInfo/formatKzt/groupDistancesByDiscipline в общие хелперы (были продублированы между карточкой события и формой регистрации), getEventForRegistration — облегчённый select вместо полного getEventDetail.

/security-review: блокирующих находок нет. Найдена TOCTOU-гонка между проверкой вместимости дистанции (count) и create() — теоретически два одновременных запроса могут переполнить дистанцию на 1-2 места (низкий приоритет — самоисправляется через reservedUntil TTL, деньги не затронуты). Не блокирует T13.

———
Дополнено (по запросу пользователя): http://User.name разбит на firstName/lastName (миграция, затронуло T11-регистрацию, T12-кабинет, список участников события) — фамилия нужна для протокола забега. На странице регистрации теперь карточка «Данные участника» с подтянутыми из аккаунта данными и ссылкой «Izменить» на кабинет (с callbackUrl — после сохранения возвращает обратно на регистрацию). /simplify прогнан повторно.",Done,3. Регистрация + Kaspi Pay
T22. Страница серии на реальных данных,Плюс архив сезонов.,Not started,5. Ridder Race Series
T35. Рассылка участникам конкретного забега,"Админ выбирает Event → пишет письмо → уходит всем, кто зарегистрирован на этот забег.",Not started,4. Админка организатора
T33. CRUD партнёров/спонсоров,Сейчас в прототипе хардкод (PARTNERS{}) — в реальном коде админ добавляет/убирает сам.,Not started,4. Админка организатора
T34. Редактирование текстов «О клубе»/тренировочных групп через админку,"Команда, группы и расписание — редактируемые поля, не полноценный конструктор страниц.",Not started,4. Админка организатора
T32. Панель заявок волонтёров,"Одобрить/отклонить заявку, связано с T27/T28. Добавлено: админу должно приходить уведомление (email) при поступлении новой заявки — без этого придётся вручную проверять панель.",Not started,4. Админка организатора
T30. Пул стартовых номеров по дистанциям,"Решено: диапазоны 1-100/101-200/201-300/301-400/401-500 — только дефолтные значения в форме создания Distance — админ может перезадать любые диапазоны при создании конкретного события. См. http://reglaments-summary.md — реальные забеги имеют совсем другие дистанции/количество, шаблон не всегда подходит. Схема не меняется — это UX-поведение формы, не схема БД.",Not started,3. Регистрация + Kaspi Pay
T27. Кнопка «Стать волонтёром» + форма заявки,"Уточнено: заявка подаётся на конкретный Event (не «волонтёрство вообще»). Поля формы: motivation, experience (какие забеги бегал/где волонтёрил), stravaUrl (опционально), availability. Только для залогиненного бегуна. На главной странице (T6) должен быть промо-блок «Стать волонтёром» → клик ведёт на выбор события + форму.",Not started,2. Личный кабинет
T29. Блокировка регистрации без подтверждённого email,"Сайт смотреть можно всем, а регистрация/оплата — только с подтвержённым адресом.",Not started,3. Регистрация + Kaspi Pay
T31. Лист ожидания на заполненные дистанции,"v1: без автоматических уведомлений — просто список с контактами, видимый админу, он связывается вручную. Срабатывает ровно тогда, когда пул номеров дистанции (T30) полностью исчерпан.",Not started,3. Регистрация + Kaspi Pay
T28. Блок «Я волонтёр» в кабинете,Появляется после одобрения заявки админом. Показывает: на какой Event одобрен + ссылка на Telegram-чат из event.volunteerChatUrl. Если человек подавал заявки на несколько событий — блок может повторяться на каждое одобренное.,Not started,2. Личный кабинет
"T36. Юридические страницы (оферта, возврат, оплата, конфиденциальность)","У конкурента (AthleteX) в футере: Публичная оферта, Правила возврата денежных средств, Описание процедуры оплаты, Политика конфиденциальности, Согласие на сбор ПД. У нас сейчас только галочка согласия в регистрации. Скорее всего обязательно для подключения боевого мерчанта Kaspi.",Not started,3. Регистрация + Kaspi Pay
T37. Seed-скрипт: реальные забеги из регламентов,"4 Race, Series+SeriesRace (UpHill→Radon→Panorama, Ski Fest вне), 4 Event сезона 2026, 21 Distance с реальными ценами/возрастом/дисциплинами. Статусы Event считаны относительно текущей даты (UpHill/Ski/Radon — COMPLETED, Panorama — OPEN). Пулы номеров — placeholder-распределение внутри общего лимита события (в регламентах нет разбивки по дистанциям). Запуск: npx prisma db seed.",Done,1. Контент без оплаты
T42. Обложка забега — загрузка фото в админке,"Приоритетно для заказчика. Event.coverImageUrl уже в схеме (просто строка-ссылка). Нужно выбрать S3-совместимое хранилище (Cloudflare R2 — рекомендую, без платы за egress) и сделать file input в форме создания/редактирования события (T18) — загрузка → URL в coverImageUrl.",Not started,4. Админка организатора
T39. Управление пользователями в админке (бан/удаление),"Блокировка на срок через User.bannedUntil (уже в схеме). Удаление аккаунта — решить, hard delete или анонимизация (чтобы не ломать историю Result/зачёта серии, если человек уже финишировал где-то). Сброс пароля как концепция не нужен — просто admin триггерит сброс VerificationToken или пользователь сам меняет пароль через кабинет.",Not started,4. Админка организатора
T40. Создание нового Race (шаблона забега) в админке,"Сейчас T18 покрывает только издания (Event) существующих забегов. Совершенно новый Race (иконка, цвет, вечнозелёное описание) сейчас требует разработчика.

Перевод контента (решено): name/courseIntro/equipment/landmarks становятся Json с ключами ru/kk/en. ru — обязателен, kk/en — опциональны, фолбэк на ru если пусто. Без автоматического перевода через API.

Орфография: с 1 июля 2026 (новая Конституция) официальное написание — «теңге», не «тенге». Если в описаниях трасс/регламентов когда-нибудь появится текст со словом «тенге» — писать уже по-новому. Цен это не касается — всё через Intl.NumberFormat (†/KZT), правила для сокращений/символа ещё не установлены на государственном уровне (http://tengrinews.kz/kazakhstan_news/tenge-tenge-tg-variantyi-dopustimogo-napisaniya-rassmotryat-603927).",Not started,4. Админка организатора
T41. Создание новой Series в админке,"Схема уже поддерживает несколько Series (Series/SeriesRace), но админ-UI для создания/редактирования серии и состава этапов нет. Сознательно за разработчиком, если не делать этот тикет.",Not started,4. Админка организатора
T38. Защита от ботов при регистрации (CAPTCHA),"Cloudflare Turnstile на форме регистрации — бесплатно, легко интегрируется с Next.js, приватнее reCAPTCHA. Plus rate-limit на эндпоинте регистрации. Email-подтверждение (T29) уже само по себе фильтр ботов, но не достаточный сам по себе.

— Сделано: реальный виджет Turnstile на /register (сайт + секрет-ключи получены и подключены), серверная проверка через siteverify до создания пользователя. Проверено вживую: реальный человек в браузере прошёл, headless-попытка без реального прохождения корректно отклонена с читаемым сообщением об ошибке.
— Без конфигурации (нет NEXT_PUBLIC_TURNSTILE_SITE_KEY/TURNSTILE_SECRET_KEY) форма работает как раньше (fail-open, как mailer/kaspi), но с логом ошибки в консоль, если это случилось на реальном проде.
— TurnstileWidget вынесен в общий компонент: сбрасывает одноразовый токен после любой неудачной отправки (иначе виджет застревает при повторной попытке). Проверка токена и поиск email идут параллельно (Promise.all).

ОСТАТОЧНЫЙ РИСК: область осознанно ограничена формой регистрации (по тексту тикета) — форма входа без защиты (ни Turnstile, ни rate-limit). verifyTurnstileToken() уже достаточно общая, чтобы подключить к loginAction без изменений — просто никто пока не подключил. Rate-limit остаётся отложенным (нужна реальная инфраструктура типа Redis).",Done,2. Личный кабинет
T43. Сертификат финишера (PDF) в кабинете,"У завершённого забега с результатом (Result, смэтченный с Registration) в кабинете кнопка «Скачать сертификат» — автогенерируемая грамота с именем, названием забега, дистанцией, результатом/местом. Требуется бренд-шаблон (дизайн), генерация — серверная (напр. @react-pdf/renderer) или через браузерный print-to-PDF, как downloadReglamentPdf в прототипе. Связано с T20/T21 (без Result генерировать нечего).",Not started,2. Личный кабинет
T46. Смена email в личном кабинете,"Сейчас email в ProfileForm — disabled/readonly. Нужно: ввод нового email → проверка что не занят → письмо со ссылкой подтверждения на НОВЫЙ адрес (переиспользуем VerificationToken) → пока не подтверждено, email не меняется в БД (значение меняется только по клику на ссылку в письме, не сразу при сабмите формы). Подумать, требовать ли пароль повторно для смены email (доп. защита от угона аккаунта при захваченной сессии).",Not started,2. Личный кабинет
T47. Поле «Размер футболки» в профиле,"Новое поле User.tshirtSize (nullable, enum-строка: XS/S/M/L/XL/XXL — уточнить у организаторов реальную линейку размеров). Добавить в ProfileForm (T12) и в схему. Автоматически появится в карточке «Данные участника» на регистрации забега (T13, RegisterView/ParticipantCard) — она уже тянет все поля профиля, отдельно ничего городить не нужно.",Not started,2. Личный кабинет
T45. Смена пароля в личном кабинете,"Форма в /account: старый пароль (проверка через verifyPassword) + новый пароль (мин. 8 символов, как при регистрации). Отдельная секция/форма от ProfileForm — пароль не должен светиться в том же запросе, что и остальной профиль.",Not started,2. Личный кабинет
T44. Сброс пароля (forgot password),"Пользователь на /login нажимает «Забыли пароль?» → вводит email → если есть аккаунт, письмо со ссылкой на сброс (переиспользуем VerificationToken-механизм, как в T11, одноразовый токен на 24ч). По ссылке — страница ввода нового пароля (один раз, без «старого»). НЕ генерировать пароль и слать по почте — небезопасно.

Готово: добавлен purpose (EMAIL_VERIFY/PASSWORD_RESET) в VerificationToken — чтобы ссылка подтверждения email не работала для сброса пароля и наоборот. Главное: сброс пароля ставит User.passwordChangedAt, и jwt-колбэк в auth.ts сверяет его с iat токена на каждый запрос — без этого угнанная сессия оставалась бы рабочей до 30 дней даже после сброса пароля — проверено вживую headless-тестом (старая сессия действительно перестаёт пускать после сброса).

Прошло /simplify (4 агента): общая схема пароля (lib/password.ts), общий AuthSuccessCard, общий buildAppUrl, mailer.ts теперь ловит ошибки SMTP централизованно (иначе сбой отправки ломал бы защиту от enumeration для существующих email).

/security-review: блокирующих находок нет. Найден timing side-channel (SMTP-задержка выдаёт существование email по времени ответа), но отклонён как теоретический и той же категории, что уже принята в логине (T11) — bcrypt тоже выполняется только когда пользователь найден.",Done,2. Личный кабинет
T48. Ссылка на подтверждение квалификации для забегов с квалификационными требованиями,"Сейчас квалификация нужна минимум для Radon Race, большая дистанция (Skyrunning) — в регламенте прописаны конкретные требования. Нужно продумать: (1) где хранить флаг «эта Distance требует квалификацию» — вероятно Distance.requiresQualification Boolean + Distance.qualificationRequirements String (текст требований для показа на странице регистрации); (2) поле для ссылки — на Registration (Registration.qualificationUrl String?), запрашивается в форме регистрации ТОЛЬКО когда выбранная дистанция requiresQualification; (3) кто и как проверяет ссылку — вручную организатором в будущей админке (T18/T19), automated-проверки не планируется. Требует дизайн-обсуждения перед реализацией — отмечено пользователем как «нужно подумать».",Not started,3. Регистрация + Kaspi Pay
T55. Вход через Google (OAuth),"Добавить Google Provider в Auth.js (next-auth/providers/google) как альтернативу email+паролю. Нужны Google OAuth Client ID/Secret от пользователя (аналогично Turnstile/Gmail SMTP — настройка в Google Cloud Console).

ПОДУМАТЬ перед реализацией: (1) как связывать Google-аккаунт с существующим User — по совпадению email (автоматически считать подтверждённым через Google?); (2) что делать с обязательными полями текущей модели (firstName/lastName можно взять из Google-профиля, phone/city — нет, придётся донабирать после первого входа); (3) passwordHash в схеме сейчас обязательный стринг — для Google-пользователей без пароля поле нужно сделать опциональным (миграция).",Not started,2. Личный кабинет
T53. Временная заморозка аккаунта администратором,"Админ может временно заморозить аккаунт по обращению пользователя (например, человек доказал личность через официальный канал связи и попросил отключить доступ). Отличается от текущего поведения логина (T11 намеренно не различает «неверный пароль» и «забанен» в целях защиты от enumeration) — здесь наоборот, сознательно показываем отдельную страницу «Ваш аккаунт заморожен» с контактами клуба (телефон/WhatsApp/Instagram — плейсхолдеры, реальные данные позже), потому что человек, инициировавший заморозку, уже идентифицирован.

ПОДУМАТЬ: использовать ли существующее поле User.bannedUntil (оно временное по таймеру) или новое булево типа isFrozen — заморозка по описанию не по таймеру, а до ручной разблокировки админом. Связано с T39 (управление пользователями в админке, бан/удаление) — решить, объединять ли в один тикет или оставить отдельными.",Not started,4. Админка организатора
T51. Дополнительная футболка при регистрации на забег,"В форме регистрации на конкретный забег (T13) — опциональная возможность заказать ДОП. футболку (сверх той, что уже указана в профиле — T47) с выбором размера, вероятно с доплатой.

ПОДУМАТЬ: цена доп. футболки (уточнить у организаторов), где хранить поле (Registration.extraShirtSize + цена, или отдельная модель), как это влияет на итоговую сумму оплаты в Kaspi Pay (T14/T15).",Not started,3. Регистрация + Kaspi Pay
T50. Мотивация волонтёров: прогресс к бесплатному слоту,"Расширяет T27/T28 (заявка волонтёра + блок в кабинете). Флоу: подтвердённый email → в кабинете кнопка «Подать заявку на волонтёрство» → админ одобряет/отклоняет (админка волонтёров, T32) → при одобрении User.isVolunteer = true (поле уже есть в схеме) + счётчик подтверждённых волонтёрств. В кабинете — прогресс-бар «X из 3 волонтёрств до бесплатного слота».

ПОДУМАТЬ перед реализацией: (1) где хранить счётчик — считать по количеству VolunteerApplication со статусом APPROVED или отдельное поле; (2) как технически реализуется «бесплатный слот» — скидка 100% на Distance.price при регистрации или отдельный флаг на Registration; (3) сбрасывается ли счётчик после использования бесплатного слота.",Not started,2. Личный кабинет
T54. Телефон и повтор пароля в форме регистрации аккаунта,"В форму регистрации (T11, /register) добавить: (1) поле «Телефон» (http://User.phone уже есть в схеме, просто не запрашивается при регистрации — сейчас редактируется только в кабинете, T12); (2) повтор пароля («Пароль» + «Повторите пароль») с проверкой совпадения на клиенте и на сервере (в registerAction).",Not started,2. Личный кабинет
T49. Зал славы — рекорды по дистанциям,"Публичная страница (аналогично T7/T8) с рекордами (лучшее время) по каждой дистанции каждого забега — берёт данные из модели Result (T20/T21, парсинг результатов). Показывать имя+фамилию (fullName()), время, забег/дистанцию, год установления рекорда.

ЗАВИСИТ от T20/T21 — таблица Result сейчас пуста, как и с GPS-данными в T8 — не выдумывать рекорды, ждать реальных данных. Подумать перед реализацией: группировать рекорд по конкретной Distance или по названию трассы+км (дистанции могут отличаться по годам).",Not started,1. Контент без оплаты
"T52. Админ-панель: сводка по забегу (возрастные категории, футболки, трансфер)","Расширяет T19 (управление регистрациями). На странице конкретного забега в админке — агрегированная статистика: (1) число участников по возрастным категориям на каждой дистанции; (2) количество футболок по размерам (из профиля T47 + доп. футболок T51), в разрезе по дистанциям; (3) сколько купили трансфер (Event.transferPrice); (4) «дополнительные трансферные места без слота на забег» — сформулировано пользователем, неясно — возможно, имеется в виду возможность купить только трансфер без участия в забеге — ТРЕБУЕТ ОБСУЖДЕНИЯ с пользователем перед реализацией.",Not started,4. Админка организатора
,,Not started,
T57. Таблица размеров футболок (подсказка при регистрации),"На странице регистрации рядом с выбором размера футболки (T39/T51) — иконка/кнопка, при наведении/тапе всплывает окошко с таблицей размеров (как в интернет-магазинах: ширина, обхват груди и т.д. по размерам S/M/L/XL и т.п.). Со слов пользователя размеры настраиваются «со стороны администраторов, где забеги» — то есть таблица размеров, вероятно, привязана к конкретному забегу/производителю футболок, а не одна глобальная на весь сайт (у разных поставщиков может быть разная посадка). Нужно уточнить с пользователем перед реализацией: (1) таблица размеров одна общая на все забеги, или своя у каждого Event (тогда это новое поле/связанная сущность в админке T18 event CRUD); (2) редактируется как свободный текст/markdown-таблица или как структурированные числовые поля по размерам. Зависит от T18 (CRUD забегов) — админ-часть логично добавлять туда же.",Not started,4. Админка организатора
T56. Загрузка аватарки в профиль,"Обязательная фича (формулировка пользователя: «обязательно добавить»). Пользователь загружает фото в /account, оно хранится (нужно выбрать: локальный диск/volume vs S3-совместимое хранилище — на момент создания тикета инфраструктура хранения файлов в проекте ещё не определена, см. как решался аналогичный вопрос с Kaspi Pay — не гадать, выбрать явно перед реализацией). User.avatarUrl (или аналог) в схеме. Показывать аватарку в шапке /account и, вероятно, в карточке участника на странице регистрации рядом с ФИО. Нужно решить: ограничение размера/формата файла, обрезка/кроп на клиенте или сервере, дефолтная заглушка если аватарки нет.",Not started,2. Личный кабинет
T58. Импорт данных бегуна из ITRA/Strava,"Со слов пользователя: попробовать подтягивать данные бегуна из его профиля Strava или ITRA — ITRA приоритетнее, так как там видна история забегов (важно для профиля/квалификации, см. T48 — ссылка на подтверждение квалификации для Radon Race). Требует реального доступа к внешнему API — по аналогии с Kaspi Pay (T14/T15/T16) нельзя гадать на архитектуре интеграции, пока нет доступа/документации: ITRA официального публичного API может не быть (нужно проверить — часто данные там доступны только через профильную страницу, без OAuth); Strava имеет официальный OAuth API (http://strava.com/api/v3) но лимиты и формат отличаются. Перед реализацией нужно исследование: есть ли у ITRA API вообще, что конкретно означает «загрузить данные» — импорт истории забегов на разовой основе по кнопке в /account, или постоянная синхронизация. Отдельно взвесить — насколько это приоритетно относительно остального бэклога, так как научная/техническая часть тут неопределённая и может потребовать много исследования до первой строчки кода.",Not started,2. Личный кабинет